Worksheet TOC,Worksheet TOC 2/1/06
Hydro interception,Hydro interception
Property Value,Property Value
AQ Ozone dep,AQ Ozone dep
AQ NOx dep,AQ NOx dep
AQ PM10 dep,AQ PM10 dep
AQ SOx dep,AQ SOx dep
AQ NOx avoided,AQ NOx avoided
AQ PM10 avoided,AQ PM10 avoided
AQ SOx avoided,AQ SOx avoided
AQ VOC avoided,AQ VOC avoided
BVOC,BVOC
Net VOCs,Net VOCs
CO2 sequestered,CO2 sequestered
CO2 Decomp,CO2 Decomp
CO2 Maint,CO2 Maint
Net CO2 sequestered,Net CO2 sequestered
CO2 avoided,CO2 avoided
Natural Gas,Natural Gas
Electricity,Electricity
LSA,LSA
CPA,CPA
DBH BY AGE CLASS,DBH BY AGE CLASS
Species Codes,Species Codes
Numbers,Numbers
Interpolation range,Natural Gas-SFR
T,Natural Gas-MFR
U,Natural Gas-CI
,Natural Gas-IT
,Electricity-SFR
,Electricity-MFR
,Electricity-CI
,Electricity-IT
,U
